{
    "default_experiment": {
        "mlp": {
            "train_metrics": {
                "train_losses": [
                    0.3408519865870476,
                    0.13542300675263008,
                    0.0971223133717974,
                    0.07842659597198169,
                    0.06486253853539625,
                    0.04766568497469028,
                    0.04123588043227792,
                    0.03588973996179799,
                    0.03351977975219488,
                    0.03162581269635509
                ],
                "train_accs": [
                    89.865,
                    95.905,
                    97.02166666666666,
                    97.54,
                    97.98333333333333,
                    98.485,
                    98.72833333333334,
                    98.84833333333333,
                    98.92333333333333,
                    98.95333333333333
                ],
                "test_losses": [
                    0.12598432029038667,
                    0.08842194242477416,
                    0.08349055932946503,
                    0.0706740284550935,
                    0.06439625478638336,
                    0.059510908800479954,
                    0.05796423066521529,
                    0.05790742357787676,
                    0.05611288929420989,
                    0.054960729557438755
                ],
                "test_accs": [
                    96.12,
                    97.18,
                    97.34,
                    97.75,
                    97.98,
                    98.07,
                    98.27,
                    98.26,
                    98.28,
                    98.4
                ],
                "best_acc": 98.4,
                "training_time": 86.34578561782837
            },
            "eval_metrics": {
                "accuracy": 98.4,
                "per_class_accuracy": [
                    99.08163265306122,
                    99.11894273127753,
                    98.83720930232558,
                    98.81188118811882,
                    98.26883910386965,
                    97.86995515695067,
                    98.32985386221294,
                    98.05447470817121,
                    98.04928131416838,
                    97.42319127849356
                ],
                "confusion_matrix": [
                    [
                        971,
                        1,
                        1,
                        1,
                        0,
                        0,
                        1,
                        1,
                        3,
                        1
                    ],
                    [
                        0,
                        1125,
                        4,
                        1,
                        0,
                        0,
                        2,
                        1,
                        2,
                        0
                    ],
                    [
                        2,
                        3,
                        1020,
                        1,
                        1,
                        0,
                        0,
                        2,
                        3,
                        0
                    ],
                    [
                        0,
                        0,
                        4,
                        998,
                        0,
                        3,
                        0,
                        1,
                        3,
                        1
                    ],
                    [
                        1,
                        0,
                        3,
                        0,
                        965,
                        0,
                        3,
                        3,
                        0,
                        7
                    ],
                    [
                        3,
                        0,
                        0,
                        6,
                        1,
                        873,
                        1,
                        0,
                        6,
                        2
                    ],
                    [
                        4,
                        2,
                        1,
                        1,
                        5,
                        2,
                        942,
                        0,
                        1,
                        0
                    ],
                    [
                        0,
                        3,
                        9,
                        1,
                        1,
                        0,
                        0,
                        1008,
                        2,
                        4
                    ],
                    [
                        2,
                        0,
                        3,
                        4,
                        2,
                        1,
                        2,
                        3,
                        955,
                        2
                    ],
                    [
                        2,
                        2,
                        0,
                        3,
                        9,
                        0,
                        1,
                        5,
                        4,
                        983
                    ]
                ]
            },
            "inference_time_ms": 0.024126283824443817,
            "param_count": 269322
        },
        "cnn": {
            "train_metrics": {
                "train_losses": [
                    0.3209632621685664,
                    0.10525217969516913,
                    0.07769834944133958,
                    0.06506086015229424,
                    0.05483140801967432,
                    0.03993828700473532,
                    0.03510643510290732,
                    0.032046790282800795,
                    0.027915381923752525,
                    0.028560002224488804
                ],
                "train_accs": [
                    89.91666666666667,
                    96.87833333333333,
                    97.635,
                    98.04833333333333,
                    98.38666666666667,
                    98.74666666666667,
                    98.87166666666667,
                    98.97833333333334,
                    99.11666666666666,
                    99.11833333333334
                ],
                "test_losses": [
                    0.060057528663473206,
                    0.05033572957341093,
                    0.04090309772205073,
                    0.033072514942171984,
                    0.03466042840201699,
                    0.029192798025198863,
                    0.028644220719177247,
                    0.02484754569006691,
                    0.027648603201975857,
                    0.026712561060865482
                ],
                "test_accs": [
                    98.07,
                    98.39,
                    98.59,
                    98.92,
                    98.81,
                    99.03,
                    99.04,
                    99.13,
                    99.16,
                    99.19
                ],
                "best_acc": 99.19,
                "training_time": 572.7788350582123
            },
            "eval_metrics": {
                "accuracy": 99.19,
                "per_class_accuracy": [
                    99.38775510204081,
                    99.91189427312776,
                    99.4186046511628,
                    99.4059405940594,
                    99.28716904276986,
                    99.10313901345292,
                    99.06054279749478,
                    99.0272373540856,
                    98.870636550308,
                    98.31516352824579
                ],